{"stats":{"minecraft:picked_up":{"minecraft:sentry_armor_trim_smithing_template":1,"minecraft:diamond_sword":1,"minecraft:oak_stairs":32,"minecraft:enchanted_book":6,"tombstone:grave_key":1,"minecraft:brewing_stand":1,"minecraft:amethyst_block":3,"minecraft:string":10,"minecraft:raw_copper":7,"minecraft:iron_leggings":2,"minecraft:netherite_ingot":5,"minecraft:gold_nugget":1,"minecraft:cobbled_deepslate":833,"minecraft:calcite":2,"minecraft:netherite_upgrade_smithing_template":388,"minecraft:iron_pickaxe":1,"minecraft:furnace":4,"minecraft:golden_helmet":1,"minecraft:stick":149,"minecraft:deepslate_brick_wall":2,"minecraft:torch":117,"minecraft:porkchop":2,"tombstone:grave_dust":48,"minecraft:diorite":1,"minecraft:stone_sword":1,"minecraft:rotten_flesh":83,"create:asurine":24,"minecraft:bookshelf":12,"minecraft:deepslate_brick_stairs":1,"minecraft:obsidian":1,"minecraft:iron_bars":2,"alexsmobs:lobster_tail":1,"minecraft:cobblestone":835,"minecraft:magma_block":1,"minecraft:feather":2,"minecraft:water_bucket":1,"minecraft:andesite":1,"minecraft:smoker":3,"minecraft:potato":4,"minecraft:flint":11,"minecraft:tuff":85,"create:raw_zinc":10,"minecraft:lapis_lazuli":380,"minecraft:dirt":532,"minecraft:bone":309,"minecraft:stonecutter":1,"minecraft:bow":30,"minecraft:wheat_seeds":40,"minecraft:raw_gold":13,"minecraft:fletching_table":5,"minecraft:oak_planks":137,"minecraft:sand":136,"minecraft:ink_sac":5,"minecraft:dark_oak_log":3,"minecraft:mossy_cobblestone":57,"minecraft:bundle":10,"minecraft:snout_armor_trim_smithing_template":1,"create:crimsite":8,"minecraft:diamond":62,"minecraft:spruce_boat":4,"minecraft:crossbow":2,"minecraft:emerald":5,"minecraft:spruce_sign":3,"minecraft:chainmail_helmet":2,"minecraft:oak_sapling":264,"minecraft:netherrack":70,"minecraft:diamond_pickaxe":2,"minecraft:charcoal":2,"minecraft:crafting_table":13,"minecraft:wooden_pickaxe":3,"minecraft:gold_block":1,"minecraft:iron_axe":4,"minecraft:iron_shovel":3,"minecraft:blackstone":64,"minecraft:netherite_sword":1,"minecraft:mossy_cobblestone_wall":2,"minecraft:oak_boat":4,"minecraft:lectern":18,"minecraft:sugar_cane":43,"minecraft:raw_iron":134,"minecraft:sandstone":8,"minecraft:oak_door":4,"minecraft:redstone":352,"minecraft:stone_pressure_plate":1,"minecraft:dark_oak_planks":2,"minecraft:tnt":17,"minecraft:arrow":361,"minecraft:hay_block":244,"minecraft:cracked_deepslate_bricks":1,"minecraft:totem_of_undying":2,"tombstone:essence_of_undeath":2,"minecraft:mutton":1,"minecraft:white_wool":14,"minecraft:basalt":1,"minecraft:cut_sandstone":6,"minecraft:oak_log":1198,"minecraft:chainmail_chestplate":5,"minecraft:gunpowder":11,"tombstone:gift":1,"minecraft:orange_terracotta":1,"minecraft:apple":24,"minecraft:kelp":90,"minecraft:stone_pickaxe":4,"tombstone:bag_of_seeds":6,"minecraft:soul_sand":13,"minecraft:iron_sword":5,"minecraft:dark_oak_stairs":1,"minecraft:book":46,"minecraft:oak_slab":5,"minecraft:smooth_basalt":1,"minecraft:birch_boat":2,"minecraft:dandelion":1,"minecraft:gravel":87,"minecraft:amethyst_shard":4,"minecraft:blast_furnace":1,"minecraft:white_bed":3,"minecraft:spruce_log":10,"minecraft:crying_obsidian":1,"minecraft:spider_eye":6,"minecraft:slime_ball":2,"minecraft:iron_helmet":1,"minecraft:diamond_axe":4,"tombstone:magic_scroll":5,"minecraft:black_wool":3,"minecraft:coal":53,"minecraft:ender_pearl":3},"minecraft:custom":{"minecraft:interact_with_crafting_table":111,"minecraft:open_barrel":28,"minecraft:leave_game":4,"minecraft:time_since_death":691522,"minecraft:sprint_one_cm":1896438,"minecraft:drop":221,"minecraft:play_time":713897,"minecraft:deaths":4,"minecraft:jump":7463,"minecraft:walk_on_water_one_cm":147644,"minecraft:enchant_item":21,"minecraft:interact_with_furnace":138,"minecraft:traded_with_villager":47,"minecraft:interact_with_loom":1,"minecraft:sleep_in_bed":2,"minecraft:damage_dealt":34495,"minecraft:crouch_one_cm":46979,"tombstone:undead_killed":300,"minecraft:interact_with_smithing_table":10,"minecraft:mob_kills":350,"minecraft:interact_with_anvil":8,"minecraft:damage_dealt_resisted":1470,"minecraft:climb_one_cm":5103,"minecraft:walk_one_cm":2609667,"minecraft:sneak_time":22596,"minecraft:walk_under_water_one_cm":78133,"minecraft:boat_one_cm":307395,"minecraft:interact_with_blast_furnace":3,"minecraft:total_world_time":713897,"tombstone:raider_killed":10,"minecraft:interact_with_grindstone":9,"minecraft:time_since_rest":173532,"minecraft:damage_taken":11537,"tombstone:cast_on_ally":1,"minecraft:swim_one_cm":173634,"minecraft:fly_one_cm":1405628,"minecraft:open_chest":505,"minecraft:fish_caught":1,"minecraft:fall_one_cm":233109},"minecraft:killed":{"alexsmobs:lobster":1,"minecraft:spider":16,"alexsmobs:murmur":1,"minecraft:skeleton":241,"alexsmobs:grizzly_bear":1,"minecraft:creeper":6,"minecraft:zombie":54,"minecraft:stray":1,"takesapillage:archer":2,"minecraft:vex":6,"alexsmobs:raccoon":1,"takesapillage:legioner":3,"minecraft:slime":1,"minecraft:phantom":1,"minecraft:husk":1,"alexsmobs:guster":1,"takesapillage:skirmisher":4,"alexsmobs:cockroach":1,"minecraft:wither_skeleton":1,"minecraft:enderman":2},"minecraft:used":{"minecraft:iron_shovel":130,"minecraft:chest":10,"minecraft:iron_sword":369,"minecraft:iron_chestplate":1,"minecraft:soul_sand":1,"minecraft:carrot":11,"minecraft:tuff":4,"minecraft:obsidian":3,"minecraft:spruce_boat":3,"minecraft:glass":31,"alexsmobs:lobster_tail":1,"minecraft:iron_helmet":1,"minecraft:magma_block":1,"minecraft:bow":1,"minecraft:furnace":9,"minecraft:oak_sapling":264,"minecraft:deepslate_brick_wall":2,"minecraft:diorite":1,"minecraft:diamond_boots":2,"minecraft:stone_pickaxe":1228,"minecraft:oak_planks":804,"create:crimsite":8,"minecraft:wooden_pickaxe":86,"minecraft:chainmail_helmet":1,"minecraft:diamond_axe":258,"minecraft:sand":1,"minecraft:blast_furnace":1,"minecraft:black_bed":1,"minecraft:bread":248,"minecraft:lectern":18,"minecraft:gravel":27,"minecraft:diamond_sword":62,"minecraft:grindstone":1,"minecraft:smithing_table":1,"minecraft:andesite":1,"minecraft:mossy_cobblestone_wall":4,"minecraft:oak_boat":6,"minecraft:experience_bottle":7,"minecraft:netherite_sword":30,"minecraft:iron_bars":2,"minecraft:enchanting_table":1,"minecraft:stone_sword":128,"minecraft:flint_and_steel":2,"minecraft:cracked_deepslate_bricks":1,"minecraft:stone_shovel":397,"minecraft:netherrack":6,"minecraft:oak_door":5,"minecraft:torch":165,"minecraft:dirt":417,"minecraft:anvil":2,"minecraft:diamond_helmet":3,"minecraft:golden_shovel":33,"minecraft:iron_hoe":222,"minecraft:dark_oak_planks":53,"minecraft:bookshelf":23,"minecraft:iron_axe":122,"minecraft:oak_stairs":112,"minecraft:iron_boots":1,"minecraft:totem_of_undying":1,"minecraft:barrel":3,"minecraft:diamond_chestplate":2,"tombstone:gift":8,"minecraft:cobbled_deepslate":167,"minecraft:cooked_mutton":1,"tombstone:scroll_of_knowledge":1,"minecraft:water_bucket":4,"minecraft:birch_boat":1,"minecraft:spruce_sign":6,"minecraft:fletching_table":7,"minecraft:oak_slab":5,"minecraft:crafting_table":14,"minecraft:white_bed":7,"minecraft:smoker":3,"minecraft:oak_log":90,"minecraft:diamond_pickaxe":254,"minecraft:apple":9,"minecraft:iron_pickaxe":751,"tombstone:magic_scroll":1,"minecraft:spruce_trapdoor":4,"minecraft:stone_axe":180,"minecraft:fishing_rod":1,"minecraft:cobblestone":95,"minecraft:bucket":4,"minecraft:glass_pane":112,"minecraft:kelp":25,"minecraft:dandelion":1,"minecraft:diamond_leggings":2},"minecraft:mined":{"minecraft:dark_oak_planks":2,"create:deepslate_zinc_ore":5,"minecraft:stone_pressure_plate":1,"minecraft:white_bed":3,"minecraft:oak_sapling":13,"minecraft:brewing_stand":1,"minecraft:obsidian":1,"minecraft:grass_block":313,"minecraft:tall_seagrass":1,"minecraft:magma_block":1,"minecraft:iron_ore":18,"minecraft:cobbled_deepslate":50,"minecraft:fire":4,"minecraft:fletching_table":5,"minecraft:deepslate_lapis_ore":32,"minecraft:dark_oak_stairs":1,"create:asurine":24,"minecraft:iron_bars":2,"minecraft:oak_stairs":32,"minecraft:deepslate_brick_stairs":1,"minecraft:deepslate_redstone_ore":72,"minecraft:cut_sandstone":6,"minecraft:amethyst_cluster":1,"minecraft:deepslate_brick_wall":2,"minecraft:smoker":3,"minecraft:orange_terracotta":1,"minecraft:torch":50,"minecraft:blast_furnace":1,"minecraft:calcite":2,"minecraft:spruce_wall_sign":3,"minecraft:cobblestone":228,"minecraft:sugar_cane":20,"minecraft:oak_planks":137,"minecraft:wall_torch":66,"minecraft:amethyst_block":3,"minecraft:blue_terracotta":1,"minecraft:tnt":20,"minecraft:grass":225,"minecraft:oak_log":49,"minecraft:sand":147,"minecraft:dirt":153,"minecraft:smooth_basalt":1,"minecraft:stonecutter":1,"minecraft:netherrack":6,"create:crimsite":8,"minecraft:oak_leaves":234,"minecraft:deepslate":868,"create:zinc_ore":3,"minecraft:diamond_ore":1,"minecraft:crying_obsidian":1,"minecraft:tuff":90,"minecraft:mossy_cobblestone":62,"minecraft:deepslate_diamond_ore":23,"minecraft:oak_door":4,"minecraft:cartography_table":1,"minecraft:sandstone":8,"minecraft:hay_block":250,"minecraft:furnace":4,"minecraft:andesite":1,"minecraft:gold_block":1,"minecraft:bookshelf":15,"minecraft:deepslate_iron_ore":76,"minecraft:stone":610,"minecraft:oak_slab":5,"minecraft:glass_pane":13,"minecraft:basalt":3,"minecraft:crafting_table":13,"minecraft:lectern":18,"minecraft:tall_grass":34,"minecraft:copper_ore":2,"minecraft:lapis_ore":5,"minecraft:deepslate_gold_ore":14,"minecraft:cracked_deepslate_bricks":1,"minecraft:diorite":1,"minecraft:coal_ore":52,"minecraft:gravel":106},"minecraft:crafted":{"minecraft:grindstone":1,"minecraft:oak_planks":1728,"minecraft:barrel":3,"minecraft:stone":11,"minecraft:bookshelf":11,"minecraft:cooked_mutton":1,"minecraft:glass":73,"minecraft:diamond_helmet":1,"minecraft:diamond_leggings":1,"minecraft:iron_boots":1,"minecraft:chest":10,"minecraft:netherite_upgrade_smithing_template":6,"minecraft:oak_slab":12,"minecraft:emerald":47,"minecraft:crafting_table":4,"minecraft:diamond_axe":1,"minecraft:spruce_planks":40,"minecraft:wooden_pickaxe":1,"tombstone:impregnated_diamond":1,"minecraft:smithing_table":1,"minecraft:fletching_table":2,"minecraft:spruce_trapdoor":4,"minecraft:lectern":1,"minecraft:iron_chestplate":1,"minecraft:book":5,"minecraft:diamond_pickaxe":1,"minecraft:charcoal":104,"minecraft:stick":1216,"minecraft:stone_slab":6,"minecraft:iron_ingot":136,"minecraft:iron_pickaxe":2,"minecraft:iron_block":6,"minecraft:stone_sword":1,"minecraft:gold_ingot":22,"minecraft:black_bed":1,"minecraft:shears":1,"minecraft:oak_door":3,"minecraft:stone_shovel":4,"minecraft:furnace":5,"minecraft:bone_meal":606,"minecraft:glass_pane":112,"minecraft:flint_and_steel":1,"minecraft:iron_axe":1,"minecraft:iron_hoe":1,"minecraft:stone_pickaxe":7,"minecraft:diamond_boots":1,"minecraft:dark_oak_planks":184,"minecraft:wheat":2196,"minecraft:diamond_sword":1,"minecraft:spruce_sign":3,"minecraft:enchanting_table":1,"minecraft:iron_sword":2,"minecraft:stone_axe":4,"minecraft:mossy_cobblestone_wall":6,"minecraft:bread":758,"minecraft:air":0,"minecraft:oak_boat":2,"minecraft:oak_stairs":80,"minecraft:iron_shovel":1,"minecraft:anvil":2,"minecraft:white_bed":4,"minecraft:torch":56,"minecraft:diamond_chestplate":1},"minecraft:broken":{"minecraft:iron_boots":1,"minecraft:iron_chestplate":1,"minecraft:golden_shovel":1,"minecraft:stone_pickaxe":8,"minecraft:stone_axe":3,"minecraft:iron_sword":1,"minecraft:stone_shovel":2,"minecraft:chainmail_helmet":1,"minecraft:wooden_pickaxe":1,"minecraft:iron_axe":1,"minecraft:iron_pickaxe":3},"minecraft:dropped":{"minecraft:ender_pearl":3,"minecraft:diamond":26,"minecraft:netherite_upgrade_smithing_template":385,"minecraft:mossy_cobblestone_wall":4,"minecraft:emerald":55,"minecraft:flint":2,"minecraft:dirt":3,"tombstone:bag_of_seeds":3,"minecraft:gold_nugget":1,"minecraft:white_wool":1,"minecraft:bone":42,"minecraft:gravel":8,"minecraft:cobbled_deepslate":18,"alexsmobs:animal_dictionary":1,"minecraft:netherite_sword":1,"tombstone:impregnated_diamond":1,"minecraft:rotten_flesh":69,"minecraft:oak_planks":1,"minecraft:gunpowder":2,"minecraft:arrow":35,"minecraft:enchanted_book":4,"minecraft:bread":18,"minecraft:wheat_seeds":27,"minecraft:mossy_cobblestone":51,"minecraft:cobblestone":2,"minecraft:feather":4,"minecraft:book":15,"mca:book_romance":1,"minecraft:ink_sac":1,"tombstone:grave_key":2,"tombstone:grave_dust":11,"minecraft:iron_axe":2,"minecraft:iron_shovel":2,"minecraft:string":9,"create:raw_zinc":7,"minecraft:kelp":1,"minecraft:netherite_ingot":2,"minecraft:stone_sword":1,"minecraft:tuff":2,"minecraft:filled_map":1,"minecraft:diamond_sword":1,"minecraft:bundle":2,"minecraft:diamond_pickaxe":2,"minecraft:golden_sword":1,"minecraft:spider_eye":4,"minecraft:bow":7,"minecraft:wooden_pickaxe":2}},"DataVersion":3465}