{"stats":{"minecraft:picked_up":{"minecraft:iron_chestplate":3,"minecraft:wheat":50,"minecraft:string":14,"minecraft:soul_soil":19,"minecraft:raw_copper":8,"minecraft:armor_stand":2,"minecraft:cobbled_deepslate":136,"minecraft:redstone_torch":2,"minecraft:calcite":9,"minecraft:iron_pickaxe":1,"minecraft:furnace":3,"minecraft:stick":1,"minecraft:torch":28,"minecraft:porkchop":5,"tombstone:grave_dust":13,"minecraft:diorite":52,"minecraft:stone_sword":1,"minecraft:rotten_flesh":36,"create:asurine":44,"minecraft:cobblestone":1270,"minecraft:birch_log":6,"minecraft:magma_block":4,"minecraft:feather":1,"minecraft:andesite":68,"minecraft:potato":478,"minecraft:flint":2,"minecraft:tuff":9,"create:raw_zinc":4,"minecraft:dirt":199,"minecraft:lapis_lazuli":68,"minecraft:bone":13,"minecraft:bow":2,"minecraft:wheat_seeds":231,"minecraft:raw_gold":27,"minecraft:glowstone_dust":27,"minecraft:oak_planks":8,"minecraft:poisonous_potato":2,"minecraft:sand":21,"minecraft:iron_hoe":1,"minecraft:bundle":1,"create:crimsite":1,"minecraft:diamond":15,"create:filter":1,"minecraft:spruce_boat":5,"minecraft:granite":21,"minecraft:chainmail_helmet":2,"minecraft:oak_sapling":3,"minecraft:netherrack":167,"minecraft:diamond_pickaxe":1,"minecraft:charcoal":64,"minecraft:crafting_table":5,"minecraft:azure_bluet":1,"minecraft:chicken":2,"minecraft:cornflower":1,"minecraft:large_fern":1,"camera:image_frame":1,"minecraft:iron_shovel":1,"minecraft:blackstone":37,"minecraft:poppy":3,"minecraft:iron_nugget":58,"minecraft:sugar_cane":2,"minecraft:egg":1,"minecraft:raw_iron":103,"minecraft:oak_door":2,"alexsmobs:straddlite":1,"minecraft:stone_button":1,"minecraft:redstone":106,"minecraft:arrow":15,"minecraft:peony":5,"minecraft:hay_block":9,"tombstone:essence_of_undeath":1,"minecraft:mutton":21,"minecraft:white_wool":40,"minecraft:oxeye_daisy":3,"minecraft:basalt":371,"minecraft:leather":1,"minecraft:oak_log":64,"minecraft:gunpowder":8,"minecraft:apple":1,"minecraft:iron_ingot":3,"minecraft:stone_pickaxe":2,"tombstone:bag_of_seeds":1,"minecraft:soul_sand":25,"minecraft:iron_sword":2,"minecraft:quartz":8,"minecraft:dandelion":15,"minecraft:gravel":20,"minecraft:spruce_log":32,"minecraft:white_bed":1,"create:brass_tunnel":1,"minecraft:spider_eye":3,"minecraft:spruce_door":2,"minecraft:pumpkin_seeds":22,"minecraft:chainmail_leggings":4,"minecraft:gray_wool":1,"minecraft:baked_potato":33,"minecraft:coal":73,"minecraft:ender_pearl":3},"minecraft:custom":{"minecraft:interact_with_crafting_table":43,"minecraft:open_barrel":30,"minecraft:leave_game":8,"minecraft:time_since_death":25605,"minecraft:sprint_one_cm":1733975,"minecraft:damage_blocked_by_shield":580,"minecraft:drop":206,"minecraft:play_time":678510,"minecraft:deaths":3,"minecraft:jump":6359,"minecraft:walk_on_water_one_cm":49256,"minecraft:interact_with_furnace":67,"minecraft:damage_dealt":16410,"minecraft:crouch_one_cm":12014,"tombstone:undead_killed":50,"minecraft:horse_one_cm":3038,"minecraft:mob_kills":89,"minecraft:interact_with_anvil":7,"minecraft:climb_one_cm":224,"minecraft:walk_one_cm":1848732,"minecraft:sneak_time":4094,"minecraft:walk_under_water_one_cm":13287,"minecraft:boat_one_cm":99434,"minecraft:interact_with_blast_furnace":17,"minecraft:total_world_time":678510,"minecraft:time_since_rest":25128,"minecraft:damage_taken":3984,"minecraft:swim_one_cm":12744,"minecraft:fly_one_cm":1657997,"minecraft:open_chest":78,"minecraft:fall_one_cm":105820},"minecraft:killed":{"minecraft:spider":11,"minecraft:skeleton":22,"minecraft:chicken":2,"alexsmobs:straddler":1,"minecraft:pig":2,"alexsmobs:stradpole":1,"minecraft:creeper":5,"minecraft:sheep":12,"minecraft:zombie":27,"minecraft:cow":1,"mca:female_zombie_villager":1,"minecraft:enderman":2},"minecraft:used":{"minecraft:spruce_slab":25,"minecraft:poppy":13,"minecraft:chest":33,"minecraft:shield":19,"minecraft:stone":128,"minecraft:iron_sword":234,"minecraft:rotten_flesh":21,"create:fluid_tank":14,"minecraft:skeleton_spawn_egg":1,"create:speedometer":2,"minecraft:stripped_spruce_log":1430,"minecraft:spruce_boat":5,"minecraft:lava_bucket":13,"minecraft:spruce_wood":10,"minecraft:grass_block":4,"minecraft:dark_oak_slab":203,"connectedglass:scratched_glass_light_gray":4,"minecraft:dark_oak_button":15,"minecraft:stone_brick_stairs":122,"minecraft:stone_bricks":280,"minecraft:repeater":7,"create:rotation_speed_controller":4,"minecraft:bow":19,"create:shaft":40,"create:steam_engine":1,"minecraft:furnace":13,"create:mechanical_drill":7,"minecraft:egg":1,"minecraft:potato":252,"minecraft:dark_oak_stairs":294,"minecraft:cow_spawn_egg":1,"minecraft:spruce_door":10,"create:crushing_wheel":5,"minecraft:stone_pickaxe":394,"minecraft:oak_planks":416,"minecraft:wooden_pickaxe":6,"minecraft:sugar_cane":2,"elevatorid:elevator_white":11,"minecraft:blast_furnace":6,"minecraft:stone_brick_wall":24,"minecraft:redstone_torch":10,"minecraft:sticky_piston":3,"minecraft:lever":7,"minecraft:bread":29,"minecraft:stone_button":3,"minecraft:oak_pressure_plate":5,"create:adjustable_chain_gearshift":1,"minecraft:gravel":1,"create:basin":1,"minecraft:dark_oak_fence":18,"create:stressometer":1,"minecraft:andesite":3,"minecraft:white_concrete":1,"create:vertical_gearbox":11,"minecraft:bone_meal":63,"create:large_cogwheel":5,"camera:image_frame":2,"create:framed_glass":46,"minecraft:stone_sword":101,"minecraft:armor_stand":4,"minecraft:stone_shovel":132,"minecraft:redstone":47,"minecraft:stone_hoe":132,"minecraft:cooked_chicken":2,"minecraft:netherrack":80,"minecraft:oak_door":4,"minecraft:torch":207,"create:mechanical_pump":1,"minecraft:dirt":93,"minecraft:anvil":1,"minecraft:spruce_stairs":33,"minecraft:spruce_fence":18,"create:chute":1,"minecraft:iron_hoe":48,"minecraft:stone_brick_slab":5,"minecraft:wooden_axe":13,"minecraft:dark_oak_planks":13,"create:wrench":5,"create:gearbox":18,"minecraft:iron_axe":141,"minecraft:oak_stairs":46,"minecraft:spruce_button":2,"minecraft:spawner":1,"connectedglass:borderless_glass":129,"minecraft:barrel":2,"create:encased_chain_drive":11,"minecraft:basalt":181,"tombstone:gift":1,"create:fluid_pipe":5,"minecraft:cobbled_deepslate":16,"create:belt_connector":6,"minecraft:wheat_seeds":87,"minecraft:cooked_mutton":16,"minecraft:water_bucket":41,"minecraft:baked_potato":28,"create:brass_tunnel":2,"create:blaze_burner":12,"create:encased_fan":1,"create:brass_funnel":5,"minecraft:oak_slab":4,"minecraft:crafting_table":11,"minecraft:white_bed":8,"create:filter":2,"minecraft:spruce_log":798,"minecraft:oak_log":54,"create:mechanical_press":2,"minecraft:iron_pickaxe":1139,"minecraft:spruce_trapdoor":20,"minecraft:stone_axe":19,"minecraft:cobblestone":311,"minecraft:cooked_porkchop":5,"minecraft:bucket":27,"create:hand_crank":1,"minecraft:dandelion":6},"minecraft:mined":{"create:deepslate_zinc_ore":1,"minecraft:granite":21,"minecraft:grass_block":118,"minecraft:soul_soil":19,"minecraft:magma_block":4,"minecraft:glowstone":8,"minecraft:iron_ore":73,"minecraft:fire":2,"minecraft:deepslate_lapis_ore":9,"create:asurine":44,"minecraft:deepslate_redstone_ore":21,"minecraft:blackstone":37,"minecraft:torch":15,"minecraft:calcite":9,"minecraft:nether_quartz_ore":8,"minecraft:cobblestone":17,"minecraft:sugar_cane":1,"minecraft:wall_torch":3,"minecraft:wheat":40,"minecraft:grass":291,"minecraft:oak_log":3,"minecraft:sand":22,"minecraft:dirt":88,"minecraft:netherrack":176,"create:crimsite":6,"minecraft:oak_leaves":7,"minecraft:deepslate":92,"create:zinc_ore":1,"minecraft:tuff":9,"minecraft:deepslate_diamond_ore":15,"minecraft:hay_block":9,"minecraft:redstone_ore":1,"minecraft:furnace":3,"minecraft:andesite":56,"minecraft:peony":6,"minecraft:potatoes":4,"minecraft:deepslate_iron_ore":29,"minecraft:stone":347,"minecraft:soul_sand":25,"minecraft:basalt":376,"minecraft:crafting_table":5,"minecraft:cornflower":1,"minecraft:tall_grass":33,"minecraft:copper_ore":2,"minecraft:lapis_ore":2,"minecraft:deepslate_gold_ore":27,"minecraft:diorite":51,"minecraft:spruce_log":3,"minecraft:coal_ore":69,"minecraft:gravel":16},"minecraft:crafted":{"minecraft:oak_planks":88,"minecraft:cooked_chicken":2,"minecraft:cooked_mutton":18,"minecraft:iron_boots":1,"minecraft:chest":3,"minecraft:stone_hoe":1,"minecraft:cooked_porkchop":5,"minecraft:crafting_table":6,"minecraft:spruce_planks":52,"minecraft:baked_potato":59,"minecraft:wooden_pickaxe":1,"minecraft:iron_helmet":1,"minecraft:iron_chestplate":1,"minecraft:charcoal":15,"minecraft:shield":1,"minecraft:stick":44,"minecraft:iron_ingot":93,"minecraft:iron_pickaxe":6,"minecraft:stone_sword":1,"minecraft:gold_ingot":7,"minecraft:shears":1,"minecraft:oak_door":3,"minecraft:stone_shovel":1,"minecraft:furnace":4,"minecraft:bone_meal":63,"minecraft:iron_axe":1,"minecraft:iron_hoe":1,"minecraft:stone_pickaxe":3,"minecraft:spruce_boat":2,"minecraft:wheat":81,"elevatorid:elevator_white":3,"minecraft:iron_sword":1,"minecraft:bucket":2,"minecraft:stone_axe":1,"minecraft:bread":27,"minecraft:air":0,"minecraft:wooden_axe":1,"minecraft:iron_leggings":1,"minecraft:white_bed":1,"minecraft:torch":20},"minecraft:broken":{"minecraft:stone_pickaxe":3,"minecraft:iron_sword":1,"minecraft:wooden_axe":1,"minecraft:stone_shovel":1,"minecraft:stone_hoe":1,"minecraft:iron_axe":1,"minecraft:iron_pickaxe":4},"minecraft:dropped":{"minecraft:iron_sword":1,"minecraft:soul_sand":13,"minecraft:dark_oak_stairs":1,"minecraft:baked_potato":35,"minecraft:dirt":5,"minecraft:iron_pickaxe":2,"minecraft:bone":1,"minecraft:gravel":1,"minecraft:iron_nugget":87,"minecraft:white_bed":1,"minecraft:charcoal":27,"minecraft:water_bucket":1,"minecraft:wheat_seeds":64,"minecraft:poisonous_potato":1,"minecraft:iron_helmet":1,"minecraft:chainmail_helmet":1,"minecraft:stick":1,"minecraft:diorite":5,"minecraft:torch":8,"tombstone:grave_dust":6,"minecraft:iron_leggings":1,"minecraft:chainmail_leggings":2,"minecraft:stone_sword":2,"minecraft:iron_hoe":1,"minecraft:pumpkin_seeds":22,"minecraft:potato":7,"minecraft:spruce_boat":1,"minecraft:diamond_pickaxe":1,"minecraft:andesite":24,"minecraft:spider_eye":1,"minecraft:spruce_log":10,"minecraft:bow":2,"minecraft:stone_pickaxe":2,"minecraft:wooden_pickaxe":1}},"DataVersion":3465}