{"stats":{"minecraft:broken":{"minecraft:wooden_shovel":1,"minecraft:stone_axe":4,"minecraft:stone_shovel":3},"minecraft:dropped":{"minecraft:baked_potato":17,"alexsmobs:animal_dictionary":1,"minecraft:wooden_pickaxe":1},"minecraft:used":{"minecraft:wheat_seeds":26,"minecraft:oak_fence":13,"minecraft:stone_sword":2,"minecraft:stone_shovel":393,"minecraft:stone_pickaxe":66,"minecraft:baked_potato":32,"minecraft:oak_planks":600,"minecraft:chest":3,"minecraft:wooden_pickaxe":33,"minecraft:cauldron":1,"minecraft:wooden_shovel":91,"minecraft:stone_hoe":95,"minecraft:rotten_flesh":1,"minecraft:torch":14,"minecraft:dirt":54,"minecraft:crafting_table":4,"minecraft:oak_fence_gate":5,"minecraft:glass":128,"minecraft:oak_stairs":20,"minecraft:fishing_rod":15,"minecraft:stone_axe":220,"minecraft:cobblestone":6,"minecraft:sweet_berries":35,"minecraft:oak_sapling":2,"minecraft:furnace":4,"tombstone:gift":2,"alexsmobs:animal_dictionary":1},"minecraft:mined":{"minecraft:crafting_table":2,"minecraft:torch":2,"diagonalfences:minecraft/oak_fence":2,"minecraft:grass_block":235,"minecraft:chest":1,"minecraft:tall_grass":19,"minecraft:cobblestone":1,"minecraft:lapis_ore":1,"minecraft:oak_planks":132,"minecraft:cauldron":1,"minecraft:tall_seagrass":1,"minecraft:furnace":2,"minecraft:fire":1,"minecraft:grass":144,"minecraft:potatoes":18,"minecraft:oak_log":19,"minecraft:coal_ore":24,"minecraft:oak_stairs":2,"minecraft:dirt_path":1,"minecraft:oak_fence_gate":3,"minecraft:sand":133,"minecraft:dirt":156,"minecraft:cobweb":2,"minecraft:stone":55,"create:limestone":1,"minecraft:oak_leaves":57},"minecraft:picked_up":{"minecraft:birch_log":6,"minecraft:crafting_table":2,"minecraft:salmon":4,"minecraft:wooden_pickaxe":1,"minecraft:potato":68,"minecraft:oak_stairs":2,"minecraft:oak_log":321,"minecraft:string":4,"minecraft:lapis_lazuli":9,"minecraft:dirt":405,"create:limestone":1,"minecraft:pufferfish":1,"minecraft:bone":1,"minecraft:wheat_seeds":14,"minecraft:oak_fence_gate":3,"minecraft:chest":1,"minecraft:oak_planks":154,"minecraft:furnace":2,"minecraft:stick":3,"minecraft:sweet_berries":64,"minecraft:oak_fence":2,"minecraft:torch":3,"minecraft:dandelion":1,"minecraft:sand":128,"minecraft:cauldron":2,"minecraft:stone_sword":1,"minecraft:arrow":9,"minecraft:rotten_flesh":2,"minecraft:tropical_fish":1,"minecraft:baked_potato":54,"minecraft:oak_sapling":12,"minecraft:cod":2,"minecraft:coal":24,"minecraft:cobblestone":56},"minecraft:custom":{"minecraft:interact_with_furnace":25,"minecraft:mob_kills":1,"minecraft:interact_with_crafting_table":36,"minecraft:time_since_death":16946,"minecraft:time_since_rest":16197,"minecraft:sprint_one_cm":277086,"minecraft:damage_taken":2000,"minecraft:walk_one_cm":573207,"minecraft:drop":19,"minecraft:damage_dealt":345,"minecraft:swim_one_cm":5384,"minecraft:fly_one_cm":258712,"minecraft:open_chest":51,"minecraft:crouch_one_cm":10658,"minecraft:deaths":2,"minecraft:play_time":126032,"tombstone:undead_killed":1,"minecraft:sneak_time":3807,"minecraft:walk_under_water_one_cm":20775,"minecraft:jump":1604,"minecraft:walk_on_water_one_cm":14244,"minecraft:total_world_time":126032,"minecraft:fish_caught":8,"minecraft:fall_one_cm":30044},"minecraft:killed":{"mca:male_zombie_villager":1},"minecraft:crafted":{"minecraft:oak_planks":684,"minecraft:wooden_shovel":2,"minecraft:stone_shovel":3,"minecraft:fishing_rod":1,"minecraft:crafting_table":2,"minecraft:wooden_pickaxe":1,"minecraft:baked_potato":42,"minecraft:furnace":2,"minecraft:birch_planks":4,"minecraft:stone_axe":4,"minecraft:oak_fence_gate":2,"minecraft:glass":128,"minecraft:charcoal":32,"minecraft:stick":52,"minecraft:stone_pickaxe":4,"minecraft:oak_stairs":24,"minecraft:chest":2,"minecraft:torch":12,"minecraft:stone_hoe":1,"minecraft:oak_fence":12}},"DataVersion":3465}