{"stats":{"minecraft:picked_up":{"minecraft:wooden_axe":1,"minecraft:chainmail_boots":1,"minecraft:iron_chestplate":1,"minecraft:crafting_table":9,"minecraft:wheat":40,"minecraft:chicken":1,"minecraft:clay_ball":4,"minecraft:smithing_table":1,"minecraft:oak_stairs":5,"minecraft:enchanted_book":1,"minecraft:string":26,"minecraft:iron_axe":1,"minecraft:large_fern":1,"minecraft:iron_leggings":1,"minecraft:armor_stand":1,"minecraft:pufferfish":3,"minecraft:iron_shovel":1,"minecraft:spruce_planks":6,"minecraft:beef":8,"minecraft:white_tulip":1,"minecraft:oak_boat":4,"minecraft:poppy":3,"alexsmobs:raccoon_tail":1,"minecraft:lectern":1,"minecraft:chest":12,"minecraft:birch_sapling":46,"minecraft:iron_boots":1,"minecraft:spruce_pressure_plate":1,"minecraft:raw_iron":2,"minecraft:stick":66,"minecraft:oak_door":1,"minecraft:composter":1,"minecraft:oak_fence":8,"minecraft:torch":2,"minecraft:bowl":2,"minecraft:spruce_fence":1,"tombstone:grave_dust":4,"minecraft:cauldron":4,"alexsmobs:crocodile_scute":1,"tombstone:lost_tablet":1,"minecraft:arrow":21,"minecraft:rotten_flesh":52,"minecraft:tropical_fish":1,"minecraft:peony":4,"minecraft:hay_block":11,"minecraft:red_tulip":2,"minecraft:pink_tulip":1,"minecraft:oak_chest_boat":2,"minecraft:mutton":6,"minecraft:cod":14,"minecraft:snowball":1,"minecraft:white_wool":3,"minecraft:cobblestone":89,"minecraft:birch_log":275,"minecraft:feather":1,"minecraft:jungle_log":2,"minecraft:tripwire_hook":1,"minecraft:salmon":6,"minecraft:leather":3,"minecraft:potato":434,"minecraft:birch_planks":12,"minecraft:oak_log":446,"minecraft:chainmail_chestplate":1,"minecraft:yellow_bed":6,"minecraft:blue_bed":4,"minecraft:dirt":178,"minecraft:lantern":1,"minecraft:white_banner":1,"minecraft:leather_boots":1,"minecraft:red_carpet":2,"minecraft:bone":15,"minecraft:apple":9,"minecraft:bow":2,"minecraft:wheat_seeds":229,"minecraft:grindstone":2,"minecraft:fletching_table":3,"minecraft:gray_bed":2,"minecraft:oak_planks":107,"minecraft:iron_sword":1,"minecraft:book":18,"minecraft:birch_boat":3,"minecraft:pumpkin":72,"minecraft:sweet_berries":357,"minecraft:dandelion":1,"minecraft:poisonous_potato":1,"minecraft:sand":1,"minecraft:ink_sac":2,"minecraft:spruce_sapling":7,"minecraft:blast_furnace":1,"minecraft:white_bed":5,"minecraft:spruce_log":12,"minecraft:loom":1,"minecraft:spider_eye":3,"naturalist:duck_egg":2,"minecraft:mossy_cobblestone":3,"minecraft:bundle":1,"minecraft:dispenser":1,"minecraft:pumpkin_seeds":12,"minecraft:purple_bed":7,"minecraft:iron_helmet":2,"minecraft:crossbow":2,"minecraft:chainmail_helmet":1,"minecraft:emerald":2,"minecraft:bread":45,"alexsmobs:maggot":1,"tombstone:magic_scroll":2,"minecraft:oak_sapling":100},"minecraft:killed_by":{"minecraft:zombie":1},"minecraft:custom":{"minecraft:interact_with_anvil":10,"minecraft:mob_kills":88,"minecraft:interact_with_crafting_table":51,"minecraft:damage_dealt_resisted":836,"minecraft:leave_game":11,"minecraft:time_since_death":32251,"minecraft:climb_one_cm":8169,"minecraft:sprint_one_cm":1342924,"minecraft:walk_one_cm":1565563,"minecraft:damage_blocked_by_shield":150,"minecraft:drop":156,"minecraft:talked_to_villager":1,"minecraft:play_time":617783,"minecraft:deaths":21,"minecraft:sneak_time":19954,"minecraft:walk_under_water_one_cm":59944,"minecraft:boat_one_cm":1534396,"minecraft:jump":3973,"minecraft:interact_with_blast_furnace":2,"minecraft:walk_on_water_one_cm":40166,"minecraft:total_world_time":617783,"minecraft:interact_with_furnace":87,"tombstone:raider_killed":24,"minecraft:sleep_in_bed":10,"minecraft:time_since_rest":28500,"minecraft:damage_taken":11344,"minecraft:damage_dealt":2643,"minecraft:swim_one_cm":35345,"minecraft:fly_one_cm":662920,"minecraft:open_chest":139,"minecraft:crouch_one_cm":30966,"tombstone:undead_killed":45,"minecraft:fish_caught":24,"minecraft:fall_one_cm":90043,"minecraft:inspect_dispenser":1},"minecraft:killed":{"mca:female_zombie_villager":1,"minecraft:vex":1,"mca:male_zombie_villager":2,"minecraft:witch":3,"minecraft:spider":8,"minecraft:horse":1,"minecraft:skeleton":12,"takesapillage:clay_golem":1,"minecraft:chicken":1,"minecraft:drowned":1,"alexsmobs:bison":1,"minecraft:pig":1,"naturalist:firefly":1,"takesapillage:skirmisher":6,"alexsmobs:seal":1,"minecraft:creeper":2,"minecraft:sheep":3,"minecraft:pillager":7,"alexsmobs:crocodile":1,"minecraft:zombie":28,"takesapillage:archer":4,"minecraft:wither_skeleton":1},"minecraft:mined":{"minecraft:red_carpet":1,"minecraft:spruce_planks":6,"minecraft:white_bed":5,"minecraft:oak_sapling":25,"minecraft:mossy_cobblestone":2,"minecraft:spruce_fence":1,"minecraft:grass_block":52,"minecraft:jungle_log":1,"minecraft:spruce_leaves":26,"minecraft:composter":1,"minecraft:hay_block":11,"minecraft:large_fern":3,"minecraft:tall_seagrass":1,"minecraft:iron_ore":2,"minecraft:snow":1,"minecraft:pumpkin":68,"minecraft:fletching_table":3,"minecraft:peony":2,"minecraft:vine":1,"minecraft:bookshelf":6,"minecraft:red_tulip":2,"minecraft:potatoes":34,"minecraft:water_cauldron":4,"minecraft:oak_stairs":5,"minecraft:spruce_pressure_plate":1,"minecraft:packed_ice":2,"minecraft:pink_tulip":1,"minecraft:white_tulip":1,"minecraft:stone":81,"minecraft:smithing_table":1,"minecraft:dandelion":1,"minecraft:powder_snow":10,"minecraft:crafting_table":9,"minecraft:blast_furnace":1,"diagonalfences:minecraft/oak_fence":8,"minecraft:poppy":2,"minecraft:chest":11,"minecraft:lectern":1,"minecraft:tall_grass":68,"minecraft:glass":1,"minecraft:cobblestone":7,"minecraft:grindstone":2,"minecraft:oak_planks":74,"minecraft:blue_bed":4,"minecraft:birch_sapling":6,"minecraft:purple_bed":5,"minecraft:birch_planks":12,"minecraft:birch_leaves":17,"minecraft:sweet_berry_bush":108,"minecraft:wheat":35,"minecraft:blue_ice":1,"minecraft:birch_log":37,"minecraft:pumpkin_stem":10,"minecraft:gray_bed":2,"minecraft:yellow_bed":6,"minecraft:grass":294,"minecraft:oak_log":46,"minecraft:loom":1,"minecraft:dirt":95,"minecraft:sand":1,"minecraft:cobweb":22,"minecraft:dispenser":1,"minecraft:oak_leaves":46,"minecraft:fern":5},"minecraft:used":{"minecraft:oak_fence":50,"minecraft:iron_shovel":1,"minecraft:stone_sword":64,"minecraft:armor_stand":1,"minecraft:stone_shovel":128,"minecraft:chest":11,"minecraft:spruce_planks":73,"minecraft:shield":1,"minecraft:iron_sword":6,"minecraft:torch":5,"minecraft:oak_door":2,"minecraft:rotten_flesh":17,"minecraft:stone_hoe":11,"minecraft:dirt":171,"minecraft:spruce_fence":1,"minecraft:glass":1,"alexsmobs:maggot":1,"minecraft:lantern":1,"minecraft:iron_axe":16,"minecraft:oak_stairs":9,"minecraft:birch_sapling":46,"minecraft:bow":407,"minecraft:sweet_berries":252,"minecraft:oak_sapling":97,"minecraft:furnace":2,"tombstone:gift":6,"minecraft:gray_bed":1,"minecraft:pumpkin":3,"minecraft:potato":34,"minecraft:oak_chest_boat":3,"minecraft:wheat_seeds":24,"minecraft:cooked_mutton":4,"minecraft:birch_planks":56,"minecraft:stone_pickaxe":92,"minecraft:baked_potato":58,"minecraft:oak_planks":191,"minecraft:wooden_pickaxe":15,"minecraft:birch_boat":4,"minecraft:blue_bed":1,"minecraft:crafting_table":8,"minecraft:white_bed":5,"minecraft:apple":18,"minecraft:leather_helmet":1,"minecraft:bread":14,"minecraft:stone_axe":409,"minecraft:fishing_rod":64,"minecraft:cobblestone":6,"minecraft:purple_bed":4,"minecraft:birch_log":79,"minecraft:yellow_bed":5,"minecraft:oak_boat":4},"minecraft:crafted":{"minecraft:oak_door":3,"minecraft:oak_planks":412,"minecraft:stone_shovel":1,"minecraft:fishing_rod":1,"minecraft:birch_boat":1,"minecraft:furnace":2,"minecraft:cooked_mutton":6,"minecraft:glass":1,"minecraft:bow":2,"minecraft:stone_pickaxe":1,"minecraft:chest":10,"minecraft:stone_hoe":1,"minecraft:oak_fence":45,"minecraft:wheat":99,"minecraft:crafting_table":2,"minecraft:spruce_planks":72,"minecraft:wooden_pickaxe":1,"minecraft:baked_potato":166,"minecraft:birch_planks":68,"minecraft:stone_axe":10,"minecraft:bread":44,"minecraft:air":0,"minecraft:jungle_planks":8,"minecraft:oak_boat":2,"minecraft:shield":1,"minecraft:oak_chest_boat":2,"minecraft:charcoal":235,"minecraft:emerald_block":1,"minecraft:stick":84,"minecraft:oak_stairs":4,"minecraft:stone_sword":1,"minecraft:white_bed":1,"minecraft:torch":48},"minecraft:dropped":{"minecraft:bread":89,"minecraft:wheat_seeds":34,"minecraft:baked_potato":57,"minecraft:mossy_cobblestone":3,"minecraft:poisonous_potato":1,"minecraft:crossbow":1,"minecraft:feather":1,"minecraft:cobblestone":5,"minecraft:book":18,"minecraft:leather":1,"minecraft:apple":3,"minecraft:fletching_table":2,"minecraft:cod":2,"minecraft:red_carpet":1,"minecraft:stick":1,"minecraft:flint":3,"minecraft:dirt":6,"minecraft:ink_sac":2,"tombstone:magic_scroll":1,"minecraft:torch":2,"minecraft:large_fern":1,"minecraft:wooden_axe":1,"tombstone:grave_dust":1,"minecraft:pumpkin":29,"minecraft:string":3,"minecraft:tripwire_hook":1,"minecraft:pink_tulip":1,"minecraft:blue_bed":3,"minecraft:spruce_sapling":7,"minecraft:dandelion":1,"minecraft:cauldron":1,"minecraft:oak_door":1,"minecraft:white_tulip":1,"alexsmobs:crocodile_scute":1,"minecraft:sweet_berries":96,"minecraft:stone_sword":1,"minecraft:bowl":2,"minecraft:wheat":7,"minecraft:raw_iron":2,"minecraft:composter":1,"minecraft:chicken":1,"minecraft:rotten_flesh":7,"minecraft:grindstone":2,"minecraft:oak_planks":39,"minecraft:pumpkin_seeds":12,"minecraft:poppy":1,"minecraft:potato":65,"minecraft:spruce_planks":3,"minecraft:peony":4,"minecraft:spruce_pressure_plate":1,"minecraft:charcoal":64,"minecraft:purple_bed":3,"minecraft:oak_sapling":3,"minecraft:chest":7,"minecraft:spider_eye":3,"minecraft:arrow":8,"minecraft:beef":8,"minecraft:wooden_pickaxe":1,"minecraft:red_tulip":2,"minecraft:lectern":1},"minecraft:broken":{"minecraft:leather_helmet":1,"minecraft:leather_boots":1,"minecraft:stone_axe":6,"minecraft:fishing_rod":1}},"DataVersion":3465}