{"stats":{"minecraft:picked_up":{"minecraft:charcoal":2,"minecraft:crafting_table":1,"minecraft:iron_chestplate":1,"minecraft:anvil":1,"minecraft:diamond_sword":6,"minecraft:gold_block":1,"minecraft:enchanted_book":10,"minecraft:iron_axe":1,"tombstone:decorative_tombstone":5,"minecraft:iron_leggings":5,"minecraft:netherite_ingot":2,"tombstone:impregnated_diamond":1,"minecraft:blackstone":81,"minecraft:cracked_stone_bricks":2,"minecraft:gold_nugget":126,"minecraft:cobbled_deepslate":182,"minecraft:netherite_sword":3,"minecraft:netherite_upgrade_smithing_template":386,"minecraft:poppy":1,"minecraft:iron_pickaxe":1,"minecraft:lectern":243,"minecraft:sugar_cane":67,"minecraft:furnace":2,"minecraft:golden_helmet":2,"minecraft:stick":13,"minecraft:raw_iron":31,"tombstone:decorative_grave_original":1,"minecraft:torch":43,"minecraft:porkchop":31,"tombstone:grave_dust":28,"minecraft:diorite":8,"minecraft:redstone":72,"minecraft:arrow":696,"minecraft:rotten_flesh":1,"minecraft:diamond_chestplate":1,"minecraft:peony":15,"minecraft:cobblestone":113,"minecraft:basalt":157,"minecraft:magma_cream":3,"minecraft:glow_ink_sac":3,"minecraft:andesite":7,"minecraft:smoker":2,"minecraft:tuff":3,"minecraft:oak_log":54,"minecraft:ancient_debris":50,"minecraft:gunpowder":1,"minecraft:paper":1088,"minecraft:dirt":35,"tombstone:gift":1,"naturalist:glow_goop":1,"minecraft:bone":745,"minecraft:apple":1,"minecraft:bow":15,"minecraft:wheat_seeds":11,"minecraft:iron_ingot":61,"minecraft:grindstone":4,"tombstone:bag_of_seeds":19,"minecraft:fletching_table":3,"minecraft:iron_sword":7,"minecraft:oak_planks":1,"minecraft:book":18,"minecraft:ghast_tear":3,"minecraft:cooked_porkchop":27,"minecraft:sweet_berries":5,"minecraft:quartz":57,"minecraft:sand":65,"tombstone:decorative_grave_simple":4,"minecraft:ink_sac":4,"minecraft:blast_furnace":1,"minecraft:spectral_arrow":19,"alexsmobs:animal_dictionary":1,"minecraft:mossy_cobblestone":1,"minecraft:bundle":11,"minecraft:diamond":80,"minecraft:chainmail_leggings":4,"minecraft:iron_helmet":3,"minecraft:crossbow":1,"minecraft:granite":5,"minecraft:golden_horse_armor":1,"minecraft:golden_apple":3,"minecraft:emerald":580,"minecraft:bread":18,"minecraft:chainmail_helmet":5,"minecraft:netherrack":66,"tombstone:magic_scroll":3,"minecraft:baked_potato":8,"minecraft:oak_sapling":19,"minecraft:coal":20,"minecraft:andesite_slab":5,"minecraft:diamond_pickaxe":1},"minecraft:custom":{"minecraft:interact_with_smithing_table":11,"minecraft:interact_with_anvil":21,"minecraft:mob_kills":212,"minecraft:interact_with_crafting_table":30,"minecraft:open_barrel":11,"minecraft:bell_ring":18,"minecraft:damage_dealt_resisted":1133,"minecraft:leave_game":7,"minecraft:time_since_death":338531,"minecraft:climb_one_cm":1921,"minecraft:sprint_one_cm":609375,"minecraft:walk_one_cm":574212,"minecraft:drop":166,"minecraft:talked_to_villager":1,"minecraft:play_time":342481,"minecraft:deaths":1,"minecraft:sneak_time":6166,"minecraft:walk_under_water_one_cm":14088,"minecraft:boat_one_cm":7605,"minecraft:jump":3562,"minecraft:walk_on_water_one_cm":39821,"minecraft:total_world_time":342481,"minecraft:interact_with_furnace":60,"tombstone:raider_killed":11,"minecraft:traded_with_villager":194,"minecraft:interact_with_grindstone":1,"tombstone:free_soul":72,"minecraft:time_since_rest":336132,"minecraft:damage_taken":6178,"minecraft:damage_dealt":18492,"tombstone:revive_familiar":1,"minecraft:swim_one_cm":90720,"minecraft:fly_one_cm":1372987,"minecraft:open_chest":263,"minecraft:crouch_one_cm":12920,"tombstone:undead_killed":151,"tombstone:villager_killed":1,"minecraft:fall_one_cm":92628},"minecraft:killed":{"minecraft:evoker":1,"minecraft:vex":10,"takesapillage:legioner":3,"minecraft:spider":1,"minecraft:skeleton":146,"alexsmobs:capuchin_monkey":1,"alexsmobs:straddler":1,"minecraft:piglin_brute":2,"minecraft:magma_cube":8,"minecraft:pig":11,"naturalist:firefly":1,"takesapillage:skirmisher":2,"minecraft:creeper":4,"minecraft:pillager":3,"minecraft:zombie":2,"minecraft:ghast":1,"mca:male_villager":1,"takesapillage:archer":2,"minecraft:wither_skeleton":3},"minecraft:used":{"minecraft:peony":7,"minecraft:netherite_sword":12,"minecraft:flint_and_steel":24,"minecraft:stone_shovel":65,"minecraft:chest":2,"minecraft:torch":48,"minecraft:dirt":9,"minecraft:anvil":1,"minecraft:skeleton_spawn_egg":72,"minecraft:diamond_helmet":1,"minecraft:tuff":3,"tombstone:decorative_tombstone":72,"minecraft:granite":5,"tombstone:ankh_of_pray":10,"minecraft:wooden_axe":25,"tombstone:decorative_grave_simple":27,"minecraft:iron_axe":53,"minecraft:spawner":8,"minecraft:diamond_chestplate":1,"minecraft:basalt":36,"minecraft:golden_sword":40,"minecraft:sweet_berries":6,"minecraft:oak_sapling":15,"minecraft:furnace":2,"minecraft:netherite_pickaxe":1,"tombstone:gift":4,"minecraft:cobbled_deepslate":67,"minecraft:iron_leggings":1,"tombstone:decorative_grave_original":21,"mca:male_villager_spawn_egg":3,"minecraft:diorite":1,"minecraft:diamond_boots":1,"minecraft:oak_planks":2,"minecraft:stone_pickaxe":97,"minecraft:blackstone":1,"minecraft:andesite_slab":9,"minecraft:wooden_pickaxe":18,"minecraft:sugar_cane":3,"minecraft:diamond_axe":195,"minecraft:fletching_table":2,"minecraft:cracked_stone_bricks":2,"minecraft:mossy_cobblestone":1,"minecraft:tnt":28,"minecraft:crafting_table":3,"minecraft:crossbow":1,"minecraft:smoker":2,"minecraft:diamond_pickaxe":1785,"minecraft:apple":1,"minecraft:iron_pickaxe":229,"minecraft:bread":77,"tombstone:magic_scroll":2,"minecraft:lectern":307,"minecraft:deepslate":8,"naturalist:glow_goop":1,"minecraft:diamond_sword":284,"minecraft:fire_charge":2,"minecraft:cobblestone":95,"minecraft:grindstone":4,"minecraft:cooked_porkchop":36,"alexsmobs:animal_dictionary":1,"minecraft:bone_meal":39,"minecraft:experience_bottle":155},"minecraft:mined":{"minecraft:nether_gold_ore":27,"minecraft:diamond_ore":6,"minecraft:tuff":3,"minecraft:oak_sapling":2,"minecraft:deepslate_diamond_ore":31,"minecraft:granite":5,"minecraft:grass_block":11,"minecraft:deepslate_bricks":2,"minecraft:spawner":4,"minecraft:furnace":2,"minecraft:iron_ore":31,"minecraft:andesite":7,"minecraft:anvil":1,"minecraft:fletching_table":3,"minecraft:peony":5,"minecraft:gold_block":1,"minecraft:deepslate_brick_stairs":1,"minecraft:stone":106,"minecraft:deepslate_redstone_ore":13,"minecraft:blackstone":207,"minecraft:smoker":2,"minecraft:basalt":908,"minecraft:crafting_table":1,"minecraft:torch":18,"minecraft:blast_furnace":1,"minecraft:poppy":1,"minecraft:andesite_slab":4,"minecraft:lectern":243,"minecraft:nether_quartz_ore":27,"minecraft:tall_grass":16,"minecraft:cobblestone":3,"minecraft:sugar_cane":28,"minecraft:grindstone":4,"minecraft:oak_planks":1,"minecraft:diorite":8,"minecraft:wall_torch":24,"mca:cross_headstone":1,"minecraft:tinted_glass":2,"minecraft:sweet_berry_bush":2,"minecraft:grass":25,"minecraft:oak_log":16,"minecraft:coal_ore":20,"minecraft:gravel":2,"minecraft:sand":65,"minecraft:dirt":5,"minecraft:cracked_stone_bricks":2,"minecraft:ancient_debris":50,"minecraft:netherrack":461,"minecraft:mossy_stone_bricks":1,"minecraft:oak_leaves":39,"minecraft:deepslate":176,"minecraft:fern":3},"minecraft:crafted":{"minecraft:oak_planks":528,"minecraft:coal":576,"minecraft:furnace":1,"minecraft:bone_meal":39,"minecraft:bookshelf":13,"minecraft:glass":48,"minecraft:lantern":12,"minecraft:diamond_helmet":1,"minecraft:diamond_leggings":1,"minecraft:stone_pickaxe":1,"minecraft:chest":2,"minecraft:diamond_boots":1,"minecraft:netherite_scrap":50,"minecraft:diamond_sword":1,"minecraft:emerald":123,"minecraft:cooked_porkchop":31,"minecraft:crafting_table":2,"minecraft:wooden_pickaxe":1,"minecraft:clock":12,"minecraft:bucket":2,"minecraft:enchanted_book":22,"minecraft:air":0,"minecraft:paper":66,"minecraft:diamond_pickaxe":1,"minecraft:stick":1180,"minecraft:andesite_slab":6,"minecraft:iron_ingot":28,"minecraft:iron_pickaxe":1,"minecraft:wooden_axe":1,"minecraft:gold_ingot":24,"minecraft:netherite_ingot":13,"minecraft:torch":4,"minecraft:diamond_chestplate":1},"minecraft:broken":{"minecraft:wooden_axe":1,"minecraft:stone_shovel":1},"minecraft:dropped":{"minecraft:enchanted_book":8,"minecraft:iron_sword":6,"minecraft:wheat_seeds":3,"minecraft:diamond_axe":1,"minecraft:diamond":34,"minecraft:bookshelf":12,"minecraft:cooked_porkchop":7,"minecraft:crossbow":2,"minecraft:netherite_upgrade_smithing_template":388,"minecraft:iron_helmet":2,"minecraft:cobblestone":4,"minecraft:book":4,"minecraft:fletching_table":1,"minecraft:chainmail_helmet":4,"minecraft:sentry_armor_trim_smithing_template":1,"minecraft:emerald":512,"minecraft:dirt":1,"tombstone:bag_of_seeds":15,"minecraft:ink_sac":4,"minecraft:snout_armor_trim_smithing_template":1,"minecraft:iron_leggings":5,"minecraft:gold_nugget":1,"minecraft:iron_pickaxe":1,"minecraft:chainmail_leggings":2,"minecraft:paper":1088,"minecraft:bone":389,"minecraft:blackstone":64,"minecraft:netherite_ingot":5,"alexsmobs:animal_dictionary":2,"minecraft:andesite_slab":1,"minecraft:netherite_sword":3,"tombstone:decorative_tombstone":1,"minecraft:totem_of_undying":1,"minecraft:diamond_sword":2,"minecraft:gunpowder":1,"minecraft:peony":8,"minecraft:bundle":8,"minecraft:diamond_pickaxe":2,"minecraft:charcoal":2,"minecraft:oak_sapling":4,"minecraft:stone_pickaxe":1,"minecraft:basalt":63,"minecraft:arrow":497,"minecraft:bow":10,"minecraft:wooden_pickaxe":1,"minecraft:netherrack":66}},"DataVersion":3465}