{"stats":{"minecraft:dropped":{"minecraft:sweet_berries":2,"minecraft:wheat_seeds":25,"minecraft:wheat":6,"minecraft:potato":30,"minecraft:large_fern":2,"minecraft:wooden_axe":1,"minecraft:purple_bed":2,"minecraft:birch_boat":1},"minecraft:used":{"minecraft:wooden_pickaxe":26,"minecraft:blue_bed":1,"minecraft:mutton":4,"minecraft:crafting_table":2,"minecraft:spruce_log":2,"minecraft:wooden_axe":16,"alexsmobs:maggot":2,"minecraft:spruce_sapling":7,"minecraft:wooden_sword":52,"minecraft:sweet_berries":17},"minecraft:mined":{"minecraft:dandelion":1,"minecraft:tall_grass":1,"minecraft:spruce_leaves":3,"minecraft:large_fern":1,"minecraft:purple_bed":1,"minecraft:birch_log":2,"minecraft:spruce_log":2,"minecraft:birch_leaves":4,"minecraft:grass":13,"minecraft:oak_log":9,"minecraft:stone":26,"minecraft:oak_leaves":6,"minecraft:fern":1},"minecraft:picked_up":{"minecraft:wooden_axe":1,"minecraft:birch_log":2,"minecraft:wheat":6,"minecraft:potato":30,"minecraft:flint":3,"minecraft:oak_log":10,"minecraft:blue_bed":3,"minecraft:large_fern":2,"minecraft:bone":2,"minecraft:wheat_seeds":25,"minecraft:grindstone":2,"minecraft:fletching_table":2,"minecraft:lectern":1,"minecraft:chest":7,"minecraft:book":18,"minecraft:stick":1,"minecraft:pumpkin":26,"minecraft:sweet_berries":17,"minecraft:composter":1,"minecraft:porkchop":2,"minecraft:spruce_sapling":14,"minecraft:spruce_log":31,"minecraft:pumpkin_seeds":1,"minecraft:purple_bed":3,"minecraft:bread":14,"alexsmobs:maggot":2,"tombstone:magic_scroll":1,"minecraft:mutton":4,"minecraft:white_wool":2,"minecraft:cobblestone":24},"minecraft:custom":{"minecraft:mob_kills":8,"minecraft:interact_with_crafting_table":6,"minecraft:leave_game":3,"minecraft:time_since_death":21718,"minecraft:time_since_rest":20171,"minecraft:sprint_one_cm":129462,"minecraft:damage_taken":445,"minecraft:walk_one_cm":82956,"minecraft:drop":45,"minecraft:damage_dealt":799,"minecraft:swim_one_cm":2757,"minecraft:fly_one_cm":141608,"minecraft:open_chest":1,"minecraft:crouch_one_cm":7,"minecraft:deaths":1,"minecraft:play_time":35793,"tombstone:undead_killed":1,"minecraft:sneak_time":242,"minecraft:walk_under_water_one_cm":418,"minecraft:jump":732,"minecraft:walk_on_water_one_cm":3574,"minecraft:total_world_time":35793,"minecraft:fall_one_cm":20262},"minecraft:killed":{"minecraft:wolf":1,"minecraft:pig":1,"minecraft:sheep":2,"minecraft:skeleton":1,"alexsmobs:fly":1,"minecraft:cow":2},"minecraft:crafted":{"minecraft:wooden_sword":1,"minecraft:oak_planks":20,"minecraft:crafting_table":2,"minecraft:wooden_pickaxe":1,"minecraft:birch_boat":1,"minecraft:birch_planks":6,"minecraft:stick":8,"minecraft:wooden_axe":1}},"DataVersion":3465}