{"stats":{"minecraft:broken":{"minecraft:wooden_shovel":2,"minecraft:stone_axe":1,"minecraft:wooden_axe":1},"minecraft:dropped":{"minecraft:wheat_seeds":11,"minecraft:spruce_door":2,"minecraft:azure_bluet":2,"minecraft:birch_slab":18,"minecraft:oxeye_daisy":2,"minecraft:poppy":16,"minecraft:cornflower":4,"minecraft:oak_sapling":5,"minecraft:arrow":1},"minecraft:used":{"minecraft:stone_sword":35,"minecraft:cobblestone_stairs":53,"minecraft:armor_stand":2,"minecraft:stone_pickaxe":164,"minecraft:baked_potato":4,"minecraft:oak_planks":132,"minecraft:chest":1,"minecraft:wooden_pickaxe":49,"minecraft:wooden_shovel":119,"minecraft:oak_door":3,"minecraft:torch":33,"minecraft:dirt":130,"minecraft:oak_slab":393,"minecraft:crafting_table":2,"minecraft:white_bed":2,"minecraft:oak_log":6,"minecraft:glass":93,"minecraft:wooden_axe":57,"minecraft:bread":13,"minecraft:stone_bricks":51,"minecraft:stone_axe":9,"minecraft:cobblestone":60,"mca:cross_headstone":1,"minecraft:furnace":1,"minecraft:andesite":4,"tombstone:gift":2,"minecraft:potato":18},"minecraft:mined":{"minecraft:oak_slab":24,"minecraft:white_bed":1,"minecraft:cobblestone_stairs":5,"minecraft:dandelion":7,"minecraft:crafting_table":1,"minecraft:cornflower":1,"minecraft:torch":3,"minecraft:grass_block":177,"minecraft:poppy":3,"minecraft:copper_ore":9,"minecraft:glass":1,"minecraft:tall_grass":23,"minecraft:cobblestone":1,"minecraft:oak_planks":4,"minecraft:diorite":18,"minecraft:oxeye_daisy":2,"minecraft:wall_torch":4,"minecraft:birch_log":6,"minecraft:andesite":7,"minecraft:stripped_spruce_log":4,"minecraft:azure_bluet":2,"minecraft:grass":117,"minecraft:coal_ore":23,"minecraft:oak_log":59,"minecraft:sand":95,"minecraft:dirt":112,"minecraft:stone":136,"minecraft:stone_bricks":3,"minecraft:oak_leaves":9},"minecraft:picked_up":{"minecraft:birch_log":6,"minecraft:crafting_table":1,"minecraft:iron_chestplate":1,"minecraft:azure_bluet":4,"minecraft:andesite":7,"minecraft:potato":45,"minecraft:oak_log":229,"minecraft:gunpowder":1,"minecraft:cobblestone_stairs":5,"minecraft:dirt":284,"minecraft:cornflower":4,"minecraft:string":3,"minecraft:raw_copper":24,"minecraft:iron_leggings":1,"minecraft:armor_stand":2,"minecraft:bone":1,"minecraft:stone_bricks":3,"minecraft:wheat_seeds":14,"minecraft:poppy":16,"minecraft:oak_planks":7,"minecraft:iron_boots":1,"minecraft:oak_slab":35,"minecraft:stick":1,"minecraft:torch":7,"minecraft:dandelion":10,"minecraft:sand":93,"minecraft:stripped_spruce_log":4,"tombstone:grave_dust":1,"minecraft:diorite":11,"minecraft:white_bed":2,"minecraft:spruce_door":2,"alexsmobs:raw_catfish":1,"minecraft:arrow":3,"minecraft:rotten_flesh":3,"minecraft:iron_helmet":1,"minecraft:bread":36,"minecraft:oak_sapling":10,"minecraft:coal":23,"minecraft:cobblestone":125,"minecraft:oxeye_daisy":4},"minecraft:custom":{"minecraft:interact_with_furnace":23,"minecraft:mob_kills":11,"minecraft:interact_with_crafting_table":36,"minecraft:time_since_death":101352,"minecraft:sleep_in_bed":2,"minecraft:time_since_rest":50908,"minecraft:sprint_one_cm":318412,"minecraft:damage_taken":1175,"minecraft:walk_one_cm":485690,"minecraft:drop":15,"minecraft:damage_dealt":2500,"minecraft:swim_one_cm":5425,"minecraft:fly_one_cm":182838,"minecraft:open_chest":40,"minecraft:crouch_one_cm":38917,"minecraft:play_time":152470,"tombstone:undead_killed":6,"minecraft:deaths":2,"minecraft:sneak_time":10847,"minecraft:walk_under_water_one_cm":4700,"minecraft:jump":1064,"minecraft:interact_with_blast_furnace":1,"minecraft:walk_on_water_one_cm":10268,"minecraft:total_world_time":152470,"minecraft:fall_one_cm":26520},"minecraft:killed":{"minecraft:spider":2,"minecraft:creeper":1,"minecraft:skeleton":2,"alexsmobs:catfish":1,"minecraft:zombie":4,"alexsmobs:terrapin":1},"minecraft:crafted":{"minecraft:oak_door":3,"minecraft:oak_slab":695,"minecraft:oak_planks":870,"minecraft:wooden_shovel":2,"minecraft:crafting_table":1,"minecraft:spruce_planks":16,"minecraft:baked_potato":27,"minecraft:wooden_pickaxe":1,"minecraft:birch_slab":18,"minecraft:furnace":1,"minecraft:cobblestone_stairs":48,"mca:cross_headstone":1,"minecraft:oak_wood":14,"minecraft:birch_planks":24,"minecraft:stone_axe":1,"minecraft:air":0,"minecraft:glass":93,"minecraft:stick":28,"minecraft:stone_pickaxe":5,"minecraft:wooden_axe":2,"minecraft:stone_sword":1,"minecraft:chest":1,"minecraft:torch":92}},"DataVersion":3465}