{"stats":{"minecraft:picked_up":{"minecraft:fishing_rod":1,"minecraft:charcoal":27,"minecraft:iron_chestplate":1,"minecraft:wheat":134,"minecraft:string":4,"minecraft:iron_axe":1,"minecraft:iron_leggings":1,"connectedglass:borderless_glass":1,"minecraft:blackstone":37,"minecraft:cobbled_deepslate":340,"minecraft:beef":7,"minecraft:iron_pickaxe":3,"minecraft:chest":7,"minecraft:birch_sapling":33,"minecraft:raw_iron":10,"minecraft:stick":56,"minecraft:torch":40,"minecraft:stone_button":1,"minecraft:cookie":5,"tombstone:grave_dust":43,"minecraft:diorite":9,"minecraft:redstone":137,"minecraft:arrow":192,"minecraft:rotten_flesh":23,"minecraft:peony":1,"tombstone:essence_of_undeath":1,"minecraft:mutton":4,"minecraft:cod":3,"minecraft:white_wool":14,"minecraft:cobblestone":162,"minecraft:birch_log":638,"minecraft:magma_block":2,"minecraft:basalt":192,"minecraft:andesite":3,"minecraft:potato":775,"alexsmobs:bison_fur":2,"minecraft:flint":1,"minecraft:tuff":1,"create:raw_zinc":2,"minecraft:oak_log":343,"minecraft:chainmail_chestplate":1,"minecraft:gunpowder":3,"minecraft:cobblestone_stairs":2,"minecraft:lapis_lazuli":27,"minecraft:dirt":123,"minecraft:bone":187,"minecraft:apple":6,"minecraft:kelp":64,"minecraft:bow":12,"minecraft:wheat_seeds":423,"minecraft:raw_gold":45,"minecraft:stone_pickaxe":3,"tombstone:bag_of_seeds":4,"camera:image":1,"minecraft:iron_sword":8,"minecraft:poisonous_potato":3,"minecraft:gravel":2,"minecraft:spider_eye":1,"minecraft:mossy_cobblestone":105,"minecraft:bundle":2,"minecraft:iron_hoe":1,"minecraft:dispenser":1,"minecraft:diamond":4,"minecraft:spruce_boat":1,"minecraft:chainmail_leggings":2,"minecraft:iron_helmet":2,"minecraft:granite":2,"minecraft:emerald":1,"minecraft:chainmail_helmet":3,"minecraft:baked_potato":53,"tombstone:magic_scroll":4,"minecraft:oak_sapling":15,"minecraft:black_wool":1,"minecraft:netherrack":93,"minecraft:coal":17,"minecraft:diamond_pickaxe":1},"minecraft:custom":{"minecraft:mob_kills":189,"minecraft:inspect_hopper":3,"minecraft:interact_with_crafting_table":30,"minecraft:open_barrel":3,"minecraft:bell_ring":27,"minecraft:leave_game":1,"minecraft:time_since_death":223209,"minecraft:climb_one_cm":1696,"minecraft:sprint_one_cm":368488,"minecraft:walk_one_cm":2004550,"minecraft:drop":73,"minecraft:play_time":393346,"minecraft:deaths":5,"minecraft:sneak_time":268,"minecraft:walk_under_water_one_cm":79009,"minecraft:jump":2034,"minecraft:interact_with_blast_furnace":28,"minecraft:walk_on_water_one_cm":125345,"minecraft:total_world_time":393346,"minecraft:interact_with_furnace":186,"minecraft:time_since_rest":221542,"minecraft:damage_taken":6107,"minecraft:damage_dealt":12848,"minecraft:fly_one_cm":27682,"minecraft:open_chest":228,"minecraft:crouch_one_cm":1507,"tombstone:undead_killed":173,"minecraft:fish_caught":3,"minecraft:fall_one_cm":34391,"minecraft:inspect_dispenser":14},"minecraft:killed":{"mca:female_zombie_villager":1,"minecraft:spider":5,"minecraft:skeleton":147,"minecraft:drowned":1,"alexsmobs:bison":1,"minecraft:bat":1,"minecraft:creeper":1,"minecraft:sheep":2,"minecraft:zombie":24,"alexsmobs:terrapin":3,"minecraft:enderman":1},"minecraft:used":{"minecraft:oak_fence":1,"minecraft:stone_sword":72,"minecraft:dispenser":2,"minecraft:ladder":3,"minecraft:chest":5,"minecraft:iron_sword":367,"minecraft:netherrack":20,"minecraft:torch":45,"minecraft:dirt":15,"minecraft:hopper":1,"minecraft:tuff":1,"minecraft:granite":2,"minecraft:iron_hoe":4,"minecraft:iron_axe":79,"minecraft:bow":96,"tombstone:gift":4,"minecraft:potato":2,"minecraft:cobbled_deepslate":19,"minecraft:wheat_seeds":1,"minecraft:cooked_mutton":3,"minecraft:diorite":9,"minecraft:cobblestone_stairs":3,"minecraft:stone_pickaxe":44,"minecraft:baked_potato":67,"minecraft:mossy_cobblestone":3,"minecraft:stone_button":1,"minecraft:iron_pickaxe":438,"minecraft:stone_axe":127,"minecraft:fishing_rod":21,"minecraft:cobblestone":7,"minecraft:bucket":2},"minecraft:mined":{"create:zinc_ore":1,"minecraft:tuff":1,"minecraft:deepslate_diamond_ore":3,"minecraft:cobblestone_stairs":2,"minecraft:granite":12,"minecraft:stone_button":1,"minecraft:grass_block":2,"minecraft:kelp":9,"minecraft:tall_seagrass":17,"minecraft:iron_ore":2,"minecraft:cobbled_deepslate":3,"minecraft:deepslate_lapis_ore":3,"minecraft:peony":1,"minecraft:deepslate_iron_ore":5,"minecraft:stone":74,"minecraft:deepslate_redstone_ore":31,"minecraft:kelp_plant":13,"minecraft:dandelion":1,"minecraft:torch":18,"minecraft:chest":6,"minecraft:cobblestone":8,"minecraft:deepslate_gold_ore":46,"minecraft:lapis_ore":1,"minecraft:diorite":6,"minecraft:wall_torch":14,"minecraft:seagrass":2,"minecraft:birch_log":14,"minecraft:wheat":2,"minecraft:birch_leaves":1,"minecraft:grass":35,"minecraft:coal_ore":19,"minecraft:oak_log":9,"minecraft:dirt":19,"minecraft:dispenser":1,"minecraft:netherrack":7,"minecraft:oak_leaves":6,"minecraft:deepslate":183},"minecraft:crafted":{"minecraft:oak_planks":4,"minecraft:fishing_rod":1,"minecraft:stone_button":1,"minecraft:cobblestone_stairs":4,"minecraft:stone":1,"minecraft:cooked_mutton":7,"minecraft:hopper":1,"minecraft:bow":2,"minecraft:iron_axe":1,"minecraft:ladder":9,"minecraft:stone_pickaxe":3,"minecraft:oak_fence":3,"minecraft:cooked_beef":7,"minecraft:spruce_planks":156,"minecraft:baked_potato":893,"minecraft:iron_sword":2,"minecraft:bucket":1,"minecraft:stone_axe":7,"minecraft:bread":59,"minecraft:dispenser":1,"minecraft:charcoal":707,"minecraft:stick":312,"minecraft:iron_ingot":12,"minecraft:iron_pickaxe":2,"minecraft:stone_sword":2,"minecraft:gold_ingot":65,"minecraft:torch":28},"minecraft:broken":{"minecraft:stone_sword":1,"minecraft:iron_axe":1,"minecraft:stone_axe":7,"minecraft:iron_sword":1,"minecraft:iron_pickaxe":1,"minecraft:iron_helmet":1,"minecraft:bow":2},"minecraft:dropped":{"minecraft:iron_sword":5,"minecraft:baked_potato":41,"minecraft:mossy_cobblestone":51,"minecraft:poisonous_potato":1,"minecraft:chainmail_helmet":1,"minecraft:dirt":105,"minecraft:stone_button":1,"minecraft:iron_pickaxe":1,"minecraft:fishing_rod":1,"minecraft:kelp":64,"minecraft:stone_sword":1,"minecraft:cobbled_deepslate":168,"minecraft:rotten_flesh":14,"minecraft:potato":45,"minecraft:spruce_boat":1,"minecraft:chest":1,"minecraft:bow":1,"minecraft:stone_pickaxe":6}},"DataVersion":3465}