{
  "takesapillage:root": {
    "criteria": {
      "always": "2024-06-13 15:02:28 +0000"
    },
    "done": true
  },
  "create:root": {
    "criteria": {
      "0": "2024-06-13 15:02:28 +0000"
    },
    "done": true
  },
  "minecraft:recipes/decorations/crafting_table": {
    "criteria": {
      "unlock_right_away": "2024-06-13 15:02:28 +0000"
    },
    "done": true
  },
  "naturalist:recipes/food/cooked_egg": {
    "criteria": {
      "has_eggs": "2024-06-13 15:02:28 +0000"
    },
    "done": true
  },
  "minecraft:adventure/adventuring_time": {
    "criteria": {
      "minecraft:old_growth_pine_taiga": "2024-06-13 15:07:12 +0000",
      "minecraft:deep_ocean": "2024-06-13 15:07:44 +0000",
      "minecraft:badlands": "2024-06-13 15:11:57 +0000",
      "minecraft:sparse_jungle": "2024-06-13 15:08:48 +0000",
      "minecraft:river": "2024-06-13 15:12:09 +0000",
      "minecraft:dripstone_caves": "2024-06-13 15:06:40 +0000",
      "minecraft:grove": "2024-06-13 15:07:16 +0000",
      "minecraft:desert": "2024-06-13 15:12:06 +0000",
      "minecraft:frozen_peaks": "2024-06-13 15:07:18 +0000",
      "minecraft:meadow": "2024-06-13 15:02:29 +0000",
      "minecraft:savanna": "2024-06-13 15:09:32 +0000",
      "minecraft:plains": "2024-06-13 15:08:25 +0000"
    },
    "done": false
  },
  "tombstone:adventure/root": {
    "criteria": {
      "auto": "2024-06-13 15:02:29 +0000"
    },
    "done": true
  },
  "DataVersion": 3465
}